consultant_id,consultant_name,vertical_id
CONT001,Global Advisor 001,V05
CONT002,Global Advisor 002,V05
CONT003,Global Advisor 003,V06
CONT004,Global Advisor 004,V12
CONT005,Global Advisor 005,V02
CONT006,Global Advisor 006,V07
CONT007,Global Advisor 007,V04
CONT008,Global Advisor 008,V03
CONT009,Global Advisor 009,V10
CONT010,Global Advisor 010,V09
CONT011,Global Advisor 011,V02
CONT012,Global Advisor 012,V03
CONT013,Global Advisor 013,V07
CONT014,Global Advisor 014,V01
CONT015,Global Advisor 015,V04
CONT016,Global Advisor 016,V02
CONT017,Global Advisor 017,V05
CONT018,Global Advisor 018,V05
CONT019,Global Advisor 019,V06
CONT020,Global Advisor 020,V04
CONT021,Global Advisor 021,V05
CONT022,Global Advisor 022,V02
CONT023,Global Advisor 023,V11
CONT024,Global Advisor 024,V07
CONT025,Global Advisor 025,V03
CONT026,Global Advisor 026,V05
CONT027,Global Advisor 027,V09
CONT028,Global Advisor 028,V06
CONT029,Global Advisor 029,V07
CONT030,Global Advisor 030,V03
CONT031,Global Advisor 031,V08
CONT032,Global Advisor 032,V04
CONT033,Global Advisor 033,V03
CONT034,Global Advisor 034,V09
CONT035,Global Advisor 035,V05
CONT036,Global Advisor 036,V05
CONT037,Global Advisor 037,V02
CONT038,Global Advisor 038,V02
CONT039,Global Advisor 039,V07
CONT040,Global Advisor 040,V04
CONT041,Global Advisor 041,V07
CONT042,Global Advisor 042,V10
CONT043,Global Advisor 043,V08
CONT044,Global Advisor 044,V05
CONT045,Global Advisor 045,V02
CONT046,Global Advisor 046,V06
CONT047,Global Advisor 047,V03
CONT048,Global Advisor 048,V01
CONT049,Global Advisor 049,V03
CONT050,Global Advisor 050,V04
CONT051,Global Advisor 051,V05
CONT052,Global Advisor 052,V09
CONT053,Global Advisor 053,V07
CONT054,Global Advisor 054,V12
CONT055,Global Advisor 055,V01
CONT056,Global Advisor 056,V02
CONT057,Global Advisor 057,V04
CONT058,Global Advisor 058,V11
CONT059,Global Advisor 059,V08
CONT060,Global Advisor 060,V04
CONT061,Global Advisor 061,V06
CONT062,Global Advisor 062,V09
CONT063,Global Advisor 063,V03
CONT064,Global Advisor 064,V06
CONT065,Global Advisor 065,V04
CONT066,Global Advisor 066,V04
CONT067,Global Advisor 067,V11
CONT068,Global Advisor 068,V12
CONT069,Global Advisor 069,V06
CONT070,Global Advisor 070,V12
CONT071,Global Advisor 071,V10
CONT072,Global Advisor 072,V03
CONT073,Global Advisor 073,V02
CONT074,Global Advisor 074,V05
CONT075,Global Advisor 075,V09
CONT076,Global Advisor 076,V05
CONT077,Global Advisor 077,V04
CONT078,Global Advisor 078,V06
CONT079,Global Advisor 079,V05
CONT080,Global Advisor 080,V03
CONT081,Global Advisor 081,V02
CONT082,Global Advisor 082,V09
CONT083,Global Advisor 083,V02
CONT084,Global Advisor 084,V10
CONT085,Global Advisor 085,V05
CONT086,Global Advisor 086,V02
CONT087,Global Advisor 087,V09
CONT088,Global Advisor 088,V07
CONT089,Global Advisor 089,V12
CONT090,Global Advisor 090,V03
CONT091,Global Advisor 091,V05
CONT092,Global Advisor 092,V08
CONT093,Global Advisor 093,V04
CONT094,Global Advisor 094,V02
CONT095,Global Advisor 095,V03
CONT096,Global Advisor 096,V12
CONT097,Global Advisor 097,V03
CONT098,Global Advisor 098,V08
CONT099,Global Advisor 099,V01
CONT100,Global Advisor 100,V05
